{
  "project_info": {
    "project_number": "568435109190",
    "project_id": "right2vote-a1184",
    "storage_bucket": "right2vote-a1184.appspot.com"
  },
  "client": [
    {
      "client_info": {
        "mobilesdk_app_id": "1:568435109190:android:eb9d21aa581eb26a248947",
        "android_client_info": {
          "package_name": "com.example.votevellore"
        }
      },
      "oauth_client": [
        {
          "client_id": "568435109190-3v1bt0fp6d89hi3mpjurnogtl7r9qgop.apps.googleusercontent.com",
          "client_type": 3
        }
      ],
      "api_key": [
        {
          "current_key": "AIzaSyDc1QbxFofoqEUPoLd1r8LrZ5aS5Emp6a4"
        }
      ],
      "services": {
        "appinvite_service": {
          "other_platform_oauth_client": [
            {
              "client_id": "568435109190-3v1bt0fp6d89hi3mpjurnogtl7r9qgop.apps.googleusercontent.com",
              "client_type": 3
            }
          ]
        }
      }
    }
  ],
  "configuration_version": "1"
}